"Total_Death","Old_Death","Proportion"
5830.836757139001,5761.21448433,98.80596429451127
